Date,Region,Type,Units,Sales
11-07-2020,East,Children's Clothing,18,306
23-09-2020,North,Children's Clothing,14,448
02-04-2020,South,Women's Clothing,17,425
28-02-2020,East,Children's Clothing,26,832
19-03-2020,West,Women's Clothing,3,33
05-02-2020,North,Women's Clothing,33,627
24-01-2020,South,Women's Clothing,12,396
25-03-2020,East,Women's Clothing,29,609
03-01-2020,North,Children's Clothing,18,486
03-11-2020,East,Children's Clothing,34,374
16-04-2020,South,Women's Clothing,16,352
09-08-2020,North,Men's Clothing,NaN,270
01-05-2020,East,Men's Clothing,10,140
11-08-2020,East,Children's Clothing,12,348
07-01-2020,East,Men's Clothing,30,360
26-11-2020,West,Men's Clothing,27,864
12-06-2020,East,Women's Clothing,35,1050
20-08-2020,North,Children's Clothing,18,378
16-06-2020,North,Women's Clothing,34,884
08-03-2020,North,Men's Clothing,NaN,644
14-09-2020,North,Children's Clothing,35,630
23-06-2020,West,Women's Clothing,18,288
10-07-2020,East,Children's Clothing,10,310
04-01-2020,North,Women's Clothing,19,361
18-06-2020,West,Men's Clothing,5,70
23-05-2020,North,Men's Clothing,NaN,240
01-02-2020,East,Men's Clothing,21,420
02-09-2020,North,Children's Clothing,17,561
19-01-2020,East,Men's Clothing,3,63
29-06-2020,East,Women's Clothing,24,504
13-07-2020,West,Children's Clothing,30,450
09-10-2020,West,Men's Clothing,19,513
20-12-2020,East,Women's Clothing,30,930
28-11-2020,West,Men's Clothing,8,168
04-11-2020,East,Men's Clothing,19,475
17-12-2020,West,Children's Clothing,25,575
22-01-2020,North,Women's Clothing,23,276
24-04-2020,North,Men's Clothing,NaN,900
30-12-2020,North,Children's Clothing,26,390
27-10-2020,East,Children's Clothing,18,450
06-06-2020,East,Women's Clothing,28,560
10-08-2020,North,Children's Clothing,22,242
17-03-2020,South,Children's Clothing,33,924
06-09-2020,East,Women's Clothing,11,363
11-05-2020,East,Men's Clothing,35,700
29-04-2020,East,Women's Clothing,14,462
30-07-2020,South,Children's Clothing,18,486
23-08-2020,North,Women's Clothing,27,324
31-01-2020,West,Men's Clothing,16,432
13-02-2020,West,Men's Clothing,24,552
14-08-2020,North,Women's Clothing,7,154
14-06-2020,East,Men's Clothing,32,416
05-07-2020,South,Women's Clothing,21,231
23-08-2020,East,Men's Clothing,20,540
30-07-2020,East,Women's Clothing,21,399
01-05-2020,North,Children's Clothing,31,837
20-04-2020,North,Children's Clothing,24,744
23-07-2020,South,Men's Clothing,27,351
25-12-2020,East,Men's Clothing,13,403
13-07-2020,North,Women's Clothing,15,375
11-07-2020,West,Women's Clothing,26,728
23-06-2020,West,Women's Clothing,20,360
09-04-2020,North,Men's Clothing,NaN,493
15-09-2020,South,Children's Clothing,16,416
28-10-2020,East,Men's Clothing,34,986
21-10-2020,East,Men's Clothing,7,133
26-08-2020,North,Women's Clothing,31,961
29-05-2020,North,Women's Clothing,18,522
05-10-2020,North,Women's Clothing,25,375
15-06-2020,North,Men's Clothing,NaN,247
01-12-2020,West,Children's Clothing,31,992
04-11-2020,South,Men's Clothing,28,868
17-02-2020,West,Men's Clothing,27,891
08-05-2020,West,Children's Clothing,28,784
04-03-2020,South,Children's Clothing,27,756
07-03-2020,North,Women's Clothing,11,363
14-08-2020,North,Children's Clothing,34,1088
29-11-2020,North,Men's Clothing,NaN,276
15-04-2020,North,Men's Clothing,NaN,304
29-05-2020,North,Men's Clothing,NaN,348
30-11-2020,North,Men's Clothing,NaN,180
11-12-2020,South,Women's Clothing,13,429
06-07-2020,North,Children's Clothing,7,189
03-12-2020,East,Children's Clothing,9,117
25-12-2020,East,Children's Clothing,25,475
19-11-2020,East,Women's Clothing,8,256
12-05-2020,East,Women's Clothing,29,812
02-06-2020,East,Men's Clothing,14,224
14-05-2020,North,Women's Clothing,5,160
03-08-2020,East,Children's Clothing,33,462
26-11-2020,East,Women's Clothing,22,440
01-01-2020,East,Men's Clothing,18,234
14-04-2020,East,Children's Clothing,12,264
05-11-2020,North,Children's Clothing,31,434
30-07-2020,North,Children's Clothing,10,210
18-09-2020,West,Men's Clothing,22,440
13-11-2020,East,Children's Clothing,3,72
21-07-2020,North,Men's Clothing,NaN,665
04-03-2020,East,Women's Clothing,4,116
23-07-2020,North,Children's Clothing,31,620
13-12-2020,South,Women's Clothing,26,416
19-04-2020,East,Women's Clothing,24,672
05-09-2020,East,Children's Clothing,34,1020
07-05-2020,East,Women's Clothing,5,100
28-09-2020,East,Men's Clothing,16,480
25-03-2020,North,Men's Clothing,NaN,928
16-03-2020,East,Children's Clothing,25,525
17-10-2020,East,Children's Clothing,29,377
20-05-2020,West,Women's Clothing,13,416
04-02-2020,East,Men's Clothing,25,700
10-08-2020,East,Women's Clothing,11,143
05-08-2020,East,Children's Clothing,28,336
25-09-2020,North,Children's Clothing,33,1023
29-03-2020,South,Men's Clothing,18,216
21-01-2020,North,Children's Clothing,24,408
07-11-2020,North,Women's Clothing,4,116
29-05-2020,East,Women's Clothing,10,270
15-09-2020,East,Men's Clothing,26,728
28-12-2020,East,Children's Clothing,3,78
23-02-2020,South,Men's Clothing,24,624
28-07-2020,North,Children's Clothing,19,285
27-04-2020,West,Children's Clothing,25,600
28-09-2020,South,Men's Clothing,21,609
27-11-2020,West,Children's Clothing,28,700
04-05-2020,North,Women's Clothing,19,247
20-07-2020,West,Men's Clothing,27,324
05-02-2020,West,Children's Clothing,27,297
06-12-2020,East,Children's Clothing,27,702
18-07-2020,North,Men's Clothing,NaN,350
30-04-2020,North,Women's Clothing,21,525
10-10-2020,West,Women's Clothing,8,232
28-11-2020,North,Women's Clothing,29,580
03-02-2020,West,Men's Clothing,26,416
03-02-2020,East,Men's Clothing,15,720
04-09-2020,North,Children's Clothing,3,184
07-01-2020,West,Women's Clothing,3,350
01-04-2020,West,Children's Clothing,13,240
28-11-2020,North,Children's Clothing,11,170
14-12-2020,North,Women's Clothing,7,418
17-05-2020,West,Women's Clothing,29,154
10-01-2020,East,Women's Clothing,19,52
12-02-2020,East,Women's Clothing,3,330
18-06-2020,East,Children's Clothing,28,162
09-06-2020,North,Women's Clothing,26,644
13-07-2020,North,Children's Clothing,34,575
12-09-2020,North,Men's Clothing,NaN,529
15-04-2020,East,Children's Clothing,31,520
11-07-2020,West,Women's Clothing,4,459
17-05-2020,South,Women's Clothing,17,90
10-04-2020,East,Men's Clothing,14,420
27-05-2020,East,Women's Clothing,26,63
09-06-2020,East,Men's Clothing,30,640
01-06-2020,North,Women's Clothing,27,495
15-04-2020,East,Women's Clothing,17,84
08-02-2020,South,Men's Clothing,28,512
13-06-2020,East,Children's Clothing,30,336
10-02-2020,North,Women's Clothing,31,480
17-01-2020,East,Men's Clothing,14,36
30-05-2020,North,Women's Clothing,16,99
29-07-2020,East,Women's Clothing,34,416
01-12-2020,West,Children's Clothing,24,187
08-12-2020,East,Women's Clothing,17,126
30-01-2020,East,Children's Clothing,18,435
08-06-2020,North,Men's Clothing,NaN,437
02-03-2020,East,Children's Clothing,31,36
15-04-2020,East,Men's Clothing,34,364
13-07-2020,East,Men's Clothing,26,598
26-10-2020,South,Children's Clothing,30,408
02-05-2020,South,Women's Clothing,4,363
03-07-2020,East,Women's Clothing,13,341
21-06-2020,East,Children's Clothing,32,108
26-10-2020,East,Women's Clothing,4,442
22-01-2020,East,Women's Clothing,23,308
22-02-2020,North,Children's Clothing,3,416
30-06-2020,North,Children's Clothing,6,690
12-07-2020,South,Women's Clothing,26,729
03-06-2020,South,Men's Clothing,23,357
23-12-2020,North,Men's Clothing,NaN,476
28-08-2020,North,Women's Clothing,20,630
28-03-2020,East,Children's Clothing,17,558
31-07-2020,East,Men's Clothing,22,252
17-12-2020,North,Women's Clothing,26,336
26-02-2020,East,Men's Clothing,15,680
31-10-2020,South,Children's Clothing,32,504
16-05-2020,East,Women's Clothing,24,238
16-02-2020,North,Women's Clothing,14,378
30-12-2020,West,Women's Clothing,24,704
15-10-2020,North,Children's Clothing,11,1023
27-10-2020,North,Children's Clothing,16,816
26-11-2020,North,Children's Clothing,6,728
26-08-2020,North,Men's Clothing,NaN,720
31-05-2020,East,Women's Clothing,3,124
14-08-2020,East,Women's Clothing,22,390
11-04-2020,South,Women's Clothing,30,640
25-05-2020,North,Women's Clothing,23,56
25-03-2020,East,Women's Clothing,13,713
12-10-2020,North,Children's Clothing,25,72
03-01-2020,North,Men's Clothing,NaN,78
10-09-2020,East,Women's Clothing,15,650
12-02-2020,South,Women's Clothing,34,759
20-06-2020,East,Women's Clothing,23,1054
21-07-2020,North,Women's Clothing,19,280
15-03-2020,East,Women's Clothing,27,459
30-09-2020,South,Women's Clothing,12,396
30-06-2020,South,Children's Clothing,30,572
16-03-2020,South,Women's Clothing,22,315
05-08-2020,West,Children's Clothing,32,640
19-08-2020,South,Women's Clothing,28,696
13-09-2020,South,Women's Clothing,29,392
21-05-2020,North,Children's Clothing,31,480
06-09-2020,North,Children's Clothing,7,121
28-08-2020,South,Women's Clothing,7,192
22-11-2020,North,Women's Clothing,18,144
26-09-2020,East,Women's Clothing,23,264
28-07-2020,East,Women's Clothing,21,78
05-07-2020,East,Children's Clothing,5,418
18-09-2020,East,Men's Clothing,13,810
04-07-2020,North,Women's Clothing,11,529
03-08-2020,West,Women's Clothing,29,260
16-10-2020,East,Children's Clothing,30,475
28-07-2020,East,Women's Clothing,20,255
14-01-2020,East,Women's Clothing,4,375
28-05-2020,South,Women's Clothing,13,1122
22-03-2020,North,Women's Clothing,15,575
08-02-2020,East,Women's Clothing,33,513
26-05-2020,West,Men's Clothing,23,432
21-01-2020,West,Men's Clothing,13,192
04-11-2020,East,Women's Clothing,25,930
08-02-2020,North,Women's Clothing,17,308
15-01-2020,East,Women's Clothing,21,768
08-05-2020,East,Children's Clothing,29,364
06-06-2020,North,Women's Clothing,12,928
05-04-2020,North,Children's Clothing,29,775
22-09-2020,West,Women's Clothing,28,224
21-03-2020,East,Women's Clothing,16,161
15-12-2020,East,Children's Clothing,19,450
18-04-2020,East,Women's Clothing,6,759
14-12-2020,East,Men's Clothing,13,294
14-12-2020,East,Children's Clothing,35,125
01-10-2020,North,Men's Clothing,NaN,195
17-01-2020,East,Children's Clothing,18,220
22-07-2020,North,Children's Clothing,34,348
02-11-2020,West,Children's Clothing,19,660
22-09-2020,North,Women's Clothing,9,520
02-03-2020,West,Men's Clothing,32,56
01-10-2020,West,Children's Clothing,26,325
30-07-2020,East,Women's Clothing,14,180
07-04-2020,West,Children's Clothing,22,990
03-08-2020,East,Women's Clothing,11,460
03-11-2020,South,Men's Clothing,3,351
25-09-2020,East,Children's Clothing,18,800
15-10-2020,South,Women's Clothing,22,527
13-12-2020,North,Men's Clothing,NaN,525
04-07-2020,South,Children's Clothing,33,348
26-05-2020,North,Women's Clothing,11,336
27-03-2020,West,Children's Clothing,7,638
31-10-2020,North,Children's Clothing,6,504
21-02-2020,East,Children's Clothing,14,400
17-05-2020,South,Men's Clothing,24,266
15-05-2020,East,Children's Clothing,9,120
10-05-2020,East,Women's Clothing,7,260
15-08-2020,East,Children's Clothing,27,595
28-10-2020,East,Men's Clothing,18,391
26-05-2020,East,Men's Clothing,33,486
26-05-2020,North,Women's Clothing,10,782
27-08-2020,South,Children's Clothing,23,494
15-10-2020,South,Children's Clothing,21,117
31-01-2020,West,Children's Clothing,9,768
22-04-2020,East,Women's Clothing,22,806
01-01-2020,East,Women's Clothing,12,322
08-01-2020,West,Women's Clothing,30,440
13-11-2020,West,Men's Clothing,26,297
14-09-2020,North,Women's Clothing,13,72
12-09-2020,West,Children's Clothing,16,288
08-11-2020,East,Women's Clothing,18,352
23-05-2020,East,Men's Clothing,34,204
17-11-2020,West,Children's Clothing,23,990
14-06-2020,West,Children's Clothing,7,264
08-08-2020,North,Women's Clothing,17,168
03-12-2020,North,Women's Clothing,31,162
31-10-2020,West,Women's Clothing,33,196
16-07-2020,West,Children's Clothing,8,288
14-11-2020,North,Men's Clothing,NaN,189
22-09-2020,North,Women's Clothing,29,98
12-03-2020,East,Women's Clothing,20,810
26-04-2020,East,Men's Clothing,21,342
30-07-2020,North,Children's Clothing,34,990
13-10-2020,North,Men's Clothing,NaN,280
14-03-2020,North,Women's Clothing,3,552
01-05-2020,West,Men's Clothing,29,252
06-05-2020,East,Men's Clothing,13,252
29-01-2020,East,Men's Clothing,10,440
03-01-2020,South,Children's Clothing,26,324
03-08-2020,North,Men's Clothing,NaN,690
28-03-2020,West,Children's Clothing,10,286
24-12-2020,North,Children's Clothing,7,403
05-03-2020,West,Children's Clothing,6,176
23-04-2020,East,Women's Clothing,14,360
25-08-2020,East,Children's Clothing,18,544
23-09-2020,East,Women's Clothing,25,736
09-12-2020,East,Women's Clothing,26,140
10-07-2020,East,Women's Clothing,15,391
31-08-2020,North,Women's Clothing,7,589
29-01-2020,North,Men's Clothing,NaN,891
09-07-2020,South,Men's Clothing,21,128
17-01-2020,South,Women's Clothing,12,208
23-03-2020,South,Men's Clothing,29,522
26-10-2020,East,Men's Clothing,9,440
21-08-2020,North,Men's Clothing,NaN,231
11-09-2020,North,Women's Clothing,5,1122
25-02-2020,East,Men's Clothing,3,330
28-04-2020,North,Children's Clothing,34,99
01-10-2020,West,Children's Clothing,5,493
27-05-2020,East,Men's Clothing,18,403
21-03-2020,East,Children's Clothing,33,310
01-07-2020,South,Women's Clothing,22,468
28-12-2020,North,Men's Clothing,NaN,594
02-05-2020,East,Children's Clothing,7,270
02-05-2020,East,Women's Clothing,4,105
29-02-2020,East,Men's Clothing,15,150
28-10-2020,East,Men's Clothing,7,182
17-01-2020,East,Women's Clothing,15,360
16-06-2020,North,Men's Clothing,NaN,350
13-12-2020,East,Men's Clothing,11,546
14-10-2020,East,Children's Clothing,17,225
02-05-2020,North,Children's Clothing,28,182
12-02-2020,South,Children's Clothing,25,408
18-06-2020,North,Men's Clothing,NaN,546
28-04-2020,East,Men's Clothing,29,384
05-09-2020,North,Children's Clothing,35,319
19-12-2020,East,Men's Clothing,6,171
30-05-2020,South,Men's Clothing,9,143
23-06-2020,East,Men's Clothing,21,145
29-01-2020,East,Men's Clothing,5,60
20-12-2020,North,Women's Clothing,29,748
03-12-2020,East,Women's Clothing,30,95
03-04-2020,South,Women's Clothing,23,360
18-11-2020,East,Children's Clothing,8,990
16-12-2020,West,Men's Clothing,26,418
03-05-2020,North,Women's Clothing,13,310
01-11-2020,North,Men's Clothing,NaN,203
25-07-2020,East,Women's Clothing,33,112
10-03-2020,North,Women's Clothing,31,225
20-05-2020,North,Children's Clothing,27,161
01-03-2020,West,Men's Clothing,8,345
21-01-2020,East,Children's Clothing,3,870
04-01-2020,East,Men's Clothing,23,330
26-08-2020,North,Men's Clothing,NaN,306
20-02-2020,North,Men's Clothing,NaN,728
21-03-2020,East,Women's Clothing,35,625
19-05-2020,East,Men's Clothing,6,700
17-12-2020,East,Women's Clothing,8,522
04-02-2020,East,Children's Clothing,7,385
11-06-2020,North,Women's Clothing,17,156
31-10-2020,South,Children's Clothing,29,144
12-06-2020,West,Children's Clothing,3,567
16-07-2020,South,Women's Clothing,30,55
26-02-2020,East,Women's Clothing,14,493
04-02-2020,North,Women's Clothing,26,660
24-06-2020,East,Children's Clothing,30,644
21-07-2020,East,Women's Clothing,5,240
13-05-2020,South,Children's Clothing,33,520
08-02-2020,North,Men's Clothing,NaN,156
08-09-2020,East,Women's Clothing,3,676
25-06-2020,East,Women's Clothing,15,495
17-07-2020,North,Children's Clothing,27,837
29-03-2020,West,Children's Clothing,12,756
01-04-2020,South,Children's Clothing,12,176
26-12-2020,East,Men's Clothing,3,48
31-05-2020,East,Men's Clothing,27,506
03-08-2020,East,Children's Clothing,7,324
17-07-2020,North,Men's Clothing,NaN,726
14-02-2020,West,Children's Clothing,30,910
20-08-2020,North,Women's Clothing,3,84
08-12-2020,North,Men's Clothing,NaN,208
15-11-2020,South,Women's Clothing,31,98
20-06-2020,East,Women's Clothing,10,527
24-11-2020,East,Children's Clothing,13,319
17-05-2020,East,Men's Clothing,25,42
28-03-2020,East,Men's Clothing,5,840
24-02-2020,East,Children's Clothing,11,154
08-06-2020,East,Women's Clothing,27,754
07-10-2020,East,Men's Clothing,23,990
09-01-2020,South,Women's Clothing,28,105
30-05-2020,East,Women's Clothing,5,858
06-02-2020,West,Women's Clothing,8,196
02-03-2020,East,Men's Clothing,19,63
04-03-2020,East,Women's Clothing,18,495
29-06-2020,East,Men's Clothing,13,729
23-11-2020,East,Women's Clothing,20,132
20-04-2020,North,Women's Clothing,3,336
11-10-2020,South,Children's Clothing,18,51
27-01-2020,North,Women's Clothing,10,729
20-03-2020,East,Children's Clothing,12,91
22-07-2020,East,Women's Clothing,18,200
06-12-2020,East,Women's Clothing,31,600
14-06-2020,East,Children's Clothing,25,90
21-07-2020,East,Women's Clothing,28,418
04-03-2020,East,Women's Clothing,28,682
20-01-2020,North,Women's Clothing,26,250
19-11-2020,West,Men's Clothing,18,299
01-02-2020,North,Women's Clothing,26,525
17-12-2020,East,Women's Clothing,16,100
03-04-2020,East,Women's Clothing,5,352
22-02-2020,East,Children's Clothing,30,378
22-08-2020,East,Children's Clothing,32,437
12-12-2020,East,Children's Clothing,30,560
08-04-2020,North,Men's Clothing,NaN,145
13-02-2020,North,Children's Clothing,15,200
06-06-2020,East,Children's Clothing,16,570
30-01-2020,East,Women's Clothing,25,324
07-06-2020,South,Children's Clothing,35,247
03-10-2020,West,Men's Clothing,10,280
17-12-2020,South,Men's Clothing,31,81
08-01-2020,South,Men's Clothing,34,486
13-05-2020,East,Children's Clothing,21,140
07-03-2020,North,Men's Clothing,NaN,336
16-12-2020,South,Women's Clothing,5,360
28-01-2020,North,Men's Clothing,NaN,465
17-10-2020,East,Women's Clothing,23,525
09-07-2020,South,Men's Clothing,15,924
02-12-2020,East,Children's Clothing,19,756
29-09-2020,North,Women's Clothing,26,832
12-02-2020,North,Women's Clothing,29,522
12-11-2020,East,Men's Clothing,26,624
15-02-2020,East,Men's Clothing,20,448
24-02-2020,North,Women's Clothing,7,115
18-10-2020,North,Women's Clothing,16,840
21-12-2020,North,Women's Clothing,11,1056
07-06-2020,East,Men's Clothing,33,840
28-02-2020,East,Men's Clothing,34,39
05-10-2020,East,Men's Clothing,8,270
21-05-2020,North,Men's Clothing,NaN,288
11-06-2020,South,Men's Clothing,9,700
26-04-2020,North,Children's Clothing,35,490
09-06-2020,East,Men's Clothing,30,330
08-04-2020,North,Women's Clothing,9,372
08-01-2020,North,Women's Clothing,18,1054
07-10-2020,North,Women's Clothing,30,462
23-01-2020,North,Men's Clothing,NaN,87
17-12-2020,East,Women's Clothing,26,60
22-07-2020,East,Men's Clothing,26,500
11-03-2020,East,Women's Clothing,12,713
09-11-2020,East,Men's Clothing,21,495
15-01-2020,East,Men's Clothing,31,266
20-08-2020,North,Children's Clothing,16,416
08-04-2020,North,Women's Clothing,18,638
17-10-2020,West,Women's Clothing,14,806
17-06-2020,East,Women's Clothing,13,420
23-02-2020,East,Men's Clothing,8,91
22-06-2020,East,Men's Clothing,14,400
17-01-2020,North,Women's Clothing,33,319
27-05-2020,East,Women's Clothing,16,594
29-06-2020,East,Women's Clothing,11,748
18-01-2020,North,Men's Clothing,NaN,216
31-12-2020,East,Women's Clothing,35,112
13-01-2020,North,Children's Clothing,27,99
14-05-2020,North,Children's Clothing,8,1015
02-05-2020,North,Men's Clothing,NaN,450
22-09-2020,East,Children's Clothing,27,216
14-08-2020,East,Children's Clothing,16,216
06-02-2020,South,Women's Clothing,29,630
23-04-2020,East,Children's Clothing,31,364
11-09-2020,South,Children's Clothing,15,832
09-02-2020,South,Women's Clothing,8,754
30-11-2020,East,Women's Clothing,6,288
18-05-2020,West,Children's Clothing,21,588
17-11-2020,East,Women's Clothing,15,868
23-02-2020,East,Men's Clothing,27,400
25-05-2020,East,Children's Clothing,12,198
11-10-2020,North,Women's Clothing,5,168
16-08-2020,East,Children's Clothing,9,338
09-10-2020,East,Men's Clothing,30,232
17-12-2020,North,Children's Clothing,30,364
09-10-2020,East,Women's Clothing,28,429
13-08-2020,North,Women's Clothing,20,208
09-09-2020,East,Women's Clothing,23,209
19-02-2020,North,Women's Clothing,33,168
20-04-2020,North,Children's Clothing,32,595
18-05-2020,South,Children's Clothing,4,729
04-02-2020,West,Men's Clothing,27,168
02-02-2020,West,Women's Clothing,32,558
23-02-2020,East,Women's Clothing,16,567
13-01-2020,East,Women's Clothing,12,272
27-12-2020,North,Men's Clothing,NaN,493
07-09-2020,East,Men's Clothing,4,961
16-01-2020,East,Children's Clothing,15,165
18-10-2020,East,Men's Clothing,23,128
22-11-2020,East,Women's Clothing,19,132
31-05-2020,East,Women's Clothing,21,315
02-04-2020,East,Women's Clothing,33,240
05-01-2020,West,Women's Clothing,30,540
10-07-2020,North,Children's Clothing,14,264
13-02-2020,East,Children's Clothing,27,110
24-09-2020,East,Women's Clothing,7,117
17-10-2020,West,Men's Clothing,9,900
23-11-2020,North,Men's Clothing,NaN,630
25-06-2020,East,Men's Clothing,27,868
10-03-2020,East,Children's Clothing,34,300
20-03-2020,East,Children's Clothing,11,299
07-09-2020,West,Women's Clothing,32,825
17-09-2020,North,Children's Clothing,13,960
25-01-2020,North,Men's Clothing,NaN,76
26-06-2020,East,Men's Clothing,6,702
09-01-2020,East,Men's Clothing,25,352
11-06-2020,North,Women's Clothing,23,496
21-02-2020,East,Women's Clothing,29,288
25-11-2020,West,Women's Clothing,31,612
31-05-2020,East,Children's Clothing,35,120
12-08-2020,East,Men's Clothing,31,405
02-06-2020,South,Women's Clothing,30,552
22-05-2020,West,Women's Clothing,20,437
14-06-2020,East,Women's Clothing,33,609
04-10-2020,South,Children's Clothing,33,891
13-05-2020,North,Men's Clothing,NaN,900
26-03-2020,East,Children's Clothing,33,336
20-06-2020,East,Men's Clothing,11,729
29-12-2020,East,Women's Clothing,17,154
23-07-2020,North,Women's Clothing,4,216
02-05-2020,North,Children's Clothing,15,198
08-12-2020,East,Women's Clothing,19,513
04-11-2020,East,Children's Clothing,31,918
02-10-2020,East,Women's Clothing,19,231
05-01-2020,North,Women's Clothing,18,960
17-05-2020,East,Men's Clothing,25,312
10-10-2020,North,Women's Clothing,4,84
09-06-2020,North,Children's Clothing,7,192
28-12-2020,North,Men's Clothing,NaN,825
13-04-2020,North,Women's Clothing,26,713
25-01-2020,North,Women's Clothing,5,957
10-12-2020,North,Children's Clothing,5,558
11-10-2020,East,Children's Clothing,7,1015
06-05-2020,East,Women's Clothing,9,837
14-05-2020,West,Men's Clothing,33,840
17-05-2020,West,Men's Clothing,35,520
08-03-2020,East,Men's Clothing,33,561
13-09-2020,North,Children's Clothing,30,429
07-03-2020,East,Women's Clothing,32,360
18-07-2020,East,Children's Clothing,9,462
06-05-2020,West,Children's Clothing,27,330
13-04-2020,East,Women's Clothing,18,391
24-09-2020,East,Children's Clothing,30,112
29-03-2020,South,Men's Clothing,19,375
16-01-2020,West,Women's Clothing,12,304
03-02-2020,North,Women's Clothing,15,961
25-07-2020,North,Women's Clothing,16,475
14-10-2020,East,Women's Clothing,12,378
21-02-2020,North,Men's Clothing,NaN,550
30-04-2020,East,Women's Clothing,9,68
04-04-2020,East,Children's Clothing,25,224
06-11-2020,North,Women's Clothing,22,325
21-04-2020,East,Women's Clothing,16,806
08-09-2020,North,Children's Clothing,19,55
25-06-2020,East,Men's Clothing,7,165
27-10-2020,East,Men's Clothing,25,168
03-06-2020,South,Men's Clothing,22,207
09-03-2020,East,Men's Clothing,14,726
04-09-2020,South,Men's Clothing,34,1085
06-10-2020,West,Men's Clothing,3,462
23-04-2020,South,Women's Clothing,29,450
19-12-2020,West,Women's Clothing,9,800
06-10-2020,East,Children's Clothing,11,162
19-08-2020,East,Women's Clothing,30,648
07-08-2020,East,Women's Clothing,3,450
02-07-2020,North,Women's Clothing,14,330
26-02-2020,North,Women's Clothing,23,266
13-12-2020,East,Men's Clothing,17,204
19-07-2020,East,Women's Clothing,5,315
14-06-2020,North,Children's Clothing,6,208
02-01-2020,East,Children's Clothing,18,204
07-10-2020,West,Women's Clothing,13,126
11-02-2020,West,Children's Clothing,16,297
08-07-2020,East,Children's Clothing,29,575
26-08-2020,North,Women's Clothing,24,308
17-12-2020,East,Men's Clothing,35,432
31-03-2020,South,Men's Clothing,21,323
21-08-2020,North,Women's Clothing,25,77
12-06-2020,West,Women's Clothing,29,450
05-04-2020,North,Children's Clothing,30,418
29-02-2020,South,Women's Clothing,10,434
20-09-2020,North,Women's Clothing,22,782
23-11-2020,East,Women's Clothing,25,93
07-11-2020,East,Men's Clothing,20,754
16-04-2020,South,Women's Clothing,33,180
20-07-2020,East,Men's Clothing,6,187
03-01-2020,South,Women's Clothing,13,750
25-09-2020,North,Women's Clothing,3,87
17-10-2020,North,Women's Clothing,17,406
03-02-2020,East,Women's Clothing,18,575
18-09-2020,East,Women's Clothing,34,255
21-05-2020,North,Women's Clothing,35,135
06-08-2020,East,Women's Clothing,32,66
08-11-2020,East,Women's Clothing,28,252
15-01-2020,South,Women's Clothing,13,429
23-12-2020,North,Women's Clothing,20,528
29-12-2020,North,Children's Clothing,4,493
02-09-2020,East,Women's Clothing,33,336
01-11-2020,South,Men's Clothing,10,455
23-03-2020,West,Women's Clothing,20,693
27-03-2020,South,Men's Clothing,11,300
20-08-2020,West,Women's Clothing,31,899
20-04-2020,North,Men's Clothing,NaN,570
14-10-2020,North,Men's Clothing,NaN,240
21-03-2020,East,Men's Clothing,35,352
31-08-2020,East,Women's Clothing,5,300
15-02-2020,North,Women's Clothing,4,380
30-11-2020,West,Men's Clothing,10,561
04-10-2020,South,Children's Clothing,4,186
16-09-2020,North,Men's Clothing,NaN,312
09-04-2020,North,Women's Clothing,3,42
06-11-2020,East,Women's Clothing,23,561
31-05-2020,North,Women's Clothing,28,306
15-04-2020,North,Children's Clothing,35,374
03-06-2020,East,Women's Clothing,18,560
24-02-2020,South,Men's Clothing,8,1056
31-05-2020,East,Women's Clothing,30,700
23-12-2020,East,Women's Clothing,22,208
02-02-2020,West,Women's Clothing,7,280
30-08-2020,South,Women's Clothing,11,100
25-09-2020,West,Women's Clothing,26,1023
24-09-2020,East,Children's Clothing,25,310
28-02-2020,North,Women's Clothing,14,420
23-01-2020,North,Men's Clothing,NaN,231
18-08-2020,South,Women's Clothing,20,341
10-03-2020,East,Children's Clothing,15,342
22-10-2020,West,Men's Clothing,5,143
10-09-2020,West,Women's Clothing,4,525
23-04-2020,East,Women's Clothing,26,110
15-06-2020,East,Women's Clothing,28,84
23-07-2020,South,Women's Clothing,20,330
31-12-2020,West,Women's Clothing,27,52
03-01-2020,North,Men's Clothing,NaN,240
24-07-2020,South,Children's Clothing,33,48
16-05-2020,South,Children's Clothing,28,529
01-10-2020,South,Men's Clothing,4,728
01-11-2020,East,Women's Clothing,7,945
11-07-2020,North,Women's Clothing,22,270
28-08-2020,East,Men's Clothing,8,208
03-07-2020,East,Children's Clothing,22,390
16-11-2020,North,Men's Clothing,NaN,616
01-09-2020,South,Men's Clothing,11,175
27-02-2020,East,Men's Clothing,8,220
23-07-2020,East,Women's Clothing,28,780
05-11-2020,East,Children's Clothing,26,325
22-11-2020,South,Children's Clothing,28,182
27-06-2020,East,Women's Clothing,26,312
25-03-2020,South,Women's Clothing,4,640
21-07-2020,North,Men's Clothing,NaN,480
21-12-2020,North,Men's Clothing,NaN,135
02-10-2020,East,Men's Clothing,23,72
14-04-2020,North,Women's Clothing,4,468
15-01-2020,East,Women's Clothing,32,420
26-05-2020,North,Women's Clothing,26,240
19-12-2020,South,Men's Clothing,16,864
11-04-2020,East,Women's Clothing,12,930
21-06-2020,North,Women's Clothing,23,528
30-09-2020,North,Men's Clothing,NaN,308
26-10-2020,North,Women's Clothing,33,132
29-08-2020,West,Women's Clothing,19,126
21-06-2020,West,Women's Clothing,18,550
06-04-2020,North,Women's Clothing,13,216
02-04-2020,East,Men's Clothing,26,726
02-04-2020,North,Children's Clothing,28,195
12-11-2020,North,Women's Clothing,34,121
01-12-2020,East,Children's Clothing,25,192
30-03-2020,South,Children's Clothing,16,896
20-05-2020,North,Children's Clothing,32,546
16-09-2020,North,Women's Clothing,26,476
18-10-2020,North,Women's Clothing,17,390
16-05-2020,North,Women's Clothing,34,112
03-03-2020,East,Women's Clothing,6,432
29-02-2020,East,Children's Clothing,33,156
21-03-2020,North,Women's Clothing,14,483
25-11-2020,South,Children's Clothing,32,84
16-12-2020,West,Children's Clothing,14,832
06-10-2020,South,Children's Clothing,24,832
15-08-2020,East,Children's Clothing,34,432
23-06-2020,South,Women's Clothing,15,348
01-02-2020,East,Women's Clothing,24,529
17-12-2020,South,Children's Clothing,10,200
03-07-2020,North,Women's Clothing,4,1089
27-11-2020,East,Children's Clothing,32,342
20-10-2020,North,Women's Clothing,6,432
17-03-2020,East,Women's Clothing,25,247
08-04-2020,East,Men's Clothing,3,806
27-09-2020,South,Women's Clothing,34,616
18-02-2020,West,Men's Clothing,3,918
23-08-2020,South,Children's Clothing,35,750
20-04-2020,East,Women's Clothing,15,448
24-01-2020,East,Women's Clothing,31,544
31-12-2020,West,Women's Clothing,20,520
16-01-2020,South,Men's Clothing,18,289
27-09-2020,East,Men's Clothing,28,1054
16-05-2020,South,Women's Clothing,18,90
23-08-2020,South,Children's Clothing,14,495
24-02-2020,South,Children's Clothing,13,336
20-08-2020,East,Women's Clothing,14,384
22-08-2020,East,Children's Clothing,27,406
24-04-2020,South,Children's Clothing,18,600
17-02-2020,East,Children's Clothing,11,918
11-01-2020,West,Children's Clothing,17,375
12-12-2020,East,Women's Clothing,9,624
07-01-2020,East,Men's Clothing,33,280
18-08-2020,North,Children's Clothing,15,132
17-05-2020,North,Women's Clothing,17,544
14-07-2020,North,Children's Clothing,25,126
16-10-2020,East,Men's Clothing,14,575
01-08-2020,North,Women's Clothing,18,57
03-06-2020,East,Men's Clothing,11,476
03-06-2020,West,Women's Clothing,14,66
10-06-2020,North,Children's Clothing,22,875
01-04-2020,East,Women's Clothing,10,345
20-11-2020,North,Children's Clothing,25,744
25-04-2020,North,Men's Clothing,NaN,480
18-10-2020,East,Women's Clothing,25,324
24-12-2020,East,Children's Clothing,7,924
24-11-2020,South,Men's Clothing,25,540
01-11-2020,East,Children's Clothing,6,448
19-05-2020,North,Women's Clothing,17,221
29-09-2020,East,Men's Clothing,4,378
20-02-2020,East,Women's Clothing,15,675
08-07-2020,East,Women's Clothing,18,306
06-04-2020,North,Children's Clothing,34,319
12-06-2020,East,Children's Clothing,15,272
05-03-2020,East,Men's Clothing,34,180
20-02-2020,East,Women's Clothing,33,462
19-01-2020,North,Children's Clothing,18,390
27-07-2020,West,Men's Clothing,16,408
27-12-2020,West,Women's Clothing,7,400
13-01-2020,West,Children's Clothing,8,406
04-10-2020,East,Women's Clothing,34,342
26-12-2020,North,Men's Clothing,NaN,275
20-12-2020,North,Children's Clothing,14,210
20-03-2020,East,Men's Clothing,23,352
05-12-2020,East,Women's Clothing,10,320
12-06-2020,East,Men's Clothing,31,725
14-06-2020,North,Men's Clothing,NaN,465
06-02-2020,East,Men's Clothing,33,725
25-07-2020,East,Women's Clothing,25,133
20-08-2020,North,Women's Clothing,7,500
17-11-2020,North,Men's Clothing,NaN,66
01-03-2020,East,Men's Clothing,5,544
26-05-2020,South,Children's Clothing,27,96
20-09-2020,East,Children's Clothing,32,360
30-03-2020,West,Children's Clothing,13,216
09-12-2020,East,Children's Clothing,23,1122
23-12-2020,North,Men's Clothing,NaN,360
08-09-2020,West,Women's Clothing,24,850
14-01-2020,North,Women's Clothing,8,726
03-11-2020,North,Women's Clothing,29,324
28-03-2020,East,Men's Clothing,34,304
25-03-2020,East,Children's Clothing,24,140
09-06-2020,East,Women's Clothing,24,112
08-09-2020,East,Women's Clothing,30,510
03-03-2020,North,Women's Clothing,14,435
28-09-2020,West,Men's Clothing,34,182
12-12-2020,North,Women's Clothing,27,322
05-11-2020,East,Women's Clothing,11,250
15-09-2020,East,Children's Clothing,29,992
16-10-2020,East,Women's Clothing,14,308
21-08-2020,North,Men's Clothing,NaN,957
16-09-2020,North,Women's Clothing,22,500
08-09-2020,North,Children's Clothing,26,105
04-07-2020,South,Women's Clothing,4,150
03-11-2020,West,Children's Clothing,24,115
25-04-2020,South,Women's Clothing,11,729
07-04-2020,East,Women's Clothing,24,448
29-08-2020,East,Women's Clothing,12,390
25-06-2020,North,Women's Clothing,5,644
29-03-2020,West,Children's Clothing,18,261
19-07-2020,East,Men's Clothing,24,552
27-08-2020,East,Women's Clothing,9,136
25-01-2020,North,Men's Clothing,NaN,957
03-08-2020,North,Children's Clothing,7,918
12-09-2020,North,Children's Clothing,29,336
15-05-2020,North,Men's Clothing,NaN,624
14-01-2020,West,Children's Clothing,6,900
14-11-2020,North,Women's Clothing,29,350
20-09-2020,East,Men's Clothing,8,680
11-03-2020,North,Women's Clothing,7,756
19-10-2020,East,Children's Clothing,19,198
07-10-2020,East,Women's Clothing,15,754
13-12-2020,North,Women's Clothing,31,308
07-02-2020,North,Women's Clothing,16,165
01-02-2020,East,Men's Clothing,14,550
24-02-2020,North,Women's Clothing,11,546
23-02-2020,South,Men's Clothing,7,84
27-04-2020,North,Women's Clothing,31,792
11-05-2020,South,Children's Clothing,27,297
11-12-2020,West,Men's Clothing,13,744
25-02-2020,South,Women's Clothing,35,288
20-01-2020,East,Women's Clothing,28,80
20-03-2020,East,Women's Clothing,35,288
19-08-2020,North,Men's Clothing,NaN,672
22-07-2020,North,Men's Clothing,NaN,171
03-09-2020,East,Children's Clothing,11,126
18-09-2020,East,Men's Clothing,21,175
29-12-2020,West,Women's Clothing,25,580
25-06-2020,East,Men's Clothing,22,192
29-12-2020,North,Women's Clothing,34,78
25-09-2020,North,Women's Clothing,32,406
19-10-2020,West,Women's Clothing,21,160
24-06-2020,West,Women's Clothing,16,98
22-12-2020,East,Children's Clothing,22,285
30-05-2020,East,Men's Clothing,21,255
26-01-2020,East,Children's Clothing,22,558
03-03-2020,South,Men's Clothing,18,512
09-04-2020,East,Men's Clothing,24,448
03-01-2020,South,Children's Clothing,16,198
26-02-2020,East,Women's Clothing,14,161
23-04-2020,North,Men's Clothing,NaN,930
28-04-2020,North,Children's Clothing,35,297
28-10-2020,East,Men's Clothing,34,390
09-07-2020,North,Men's Clothing,NaN,910
30-08-2020,South,Children's Clothing,5,420
03-07-2020,East,Children's Clothing,6,735
03-09-2020,North,Children's Clothing,5,324
06-03-2020,North,Children's Clothing,6,352
20-04-2020,East,Men's Clothing,33,121
10-04-2020,North,Children's Clothing,11,651
04-12-2020,West,Women's Clothing,28,325
22-03-2020,North,Men's Clothing,NaN,550
02-07-2020,East,Women's Clothing,29,714
20-04-2020,South,Men's Clothing,26,832
02-03-2020,East,Men's Clothing,12,357
03-11-2020,South,Men's Clothing,13,480
03-07-2020,North,Women's Clothing,18,440
22-12-2020,North,Men's Clothing,NaN,525
17-04-2020,North,Men's Clothing,NaN,352
20-06-2020,North,Women's Clothing,20,486
06-05-2020,South,Women's Clothing,13,288
20-09-2020,West,Children's Clothing,23,272
18-12-2020,East,Children's Clothing,9,238
02-01-2020,East,Women's Clothing,9,374
13-08-2020,North,Women's Clothing,21,910
25-01-2020,East,Children's Clothing,30,884
12-03-2020,South,Men's Clothing,25,115
29-03-2020,West,Women's Clothing,18,165
26-12-2020,South,Women's Clothing,24,150
04-05-2020,East,Women's Clothing,35,65
12-01-2020,South,Children's Clothing,31,192
29-09-2020,North,Women's Clothing,16,1023
20-03-2020,East,Women's Clothing,13,198
27-07-2020,North,Men's Clothing,NaN,476
14-05-2020,West,Men's Clothing,33,308
01-03-2020,East,Men's Clothing,18,522
12-02-2020,South,Children's Clothing,19,598
25-03-2020,North,Children's Clothing,24,396
30-11-2020,North,Men's Clothing,NaN,273
07-08-2020,East,Children's Clothing,17,414
13-07-2020,North,Men's Clothing,NaN,130
08-09-2020,North,Children's Clothing,31,120
22-06-2020,West,Men's Clothing,24,340
12-02-2020,North,Women's Clothing,28,364
24-04-2020,North,Women's Clothing,21,391
08-04-2020,East,Men's Clothing,35,243
14-04-2020,South,Children's Clothing,13,270
16-08-2020,North,Children's Clothing,27,525
28-06-2020,East,Children's Clothing,26,390
09-03-2020,West,Women's Clothing,13,725
14-12-2020,North,Children's Clothing,31,198
10-01-2020,North,Men's Clothing,NaN,696
26-02-2020,North,Men's Clothing,NaN,770
16-01-2020,East,Children's Clothing,32,744
08-10-2020,East,Men's Clothing,33,272
12-05-2020,North,Children's Clothing,29,182
13-04-2020,East,Women's Clothing,29,253
20-06-2020,East,Men's Clothing,12,924
08-11-2020,North,Men's Clothing,NaN,216
25-09-2020,East,Children's Clothing,14,209
20-11-2020,North,Women's Clothing,31,360
14-01-2020,North,Men's Clothing,NaN,512
01-07-2020,East,Children's Clothing,17,340
19-07-2020,East,Children's Clothing,26,108
16-06-2020,East,Men's Clothing,15,930
14-02-2020,West,Men's Clothing,24,312
24-09-2020,North,Women's Clothing,18,784
23-08-2020,North,Women's Clothing,22,336
03-09-2020,North,Women's Clothing,3,560
08-08-2020,North,Men's Clothing,NaN,273
31-05-2020,North,Women's Clothing,8,351
19-02-2020,West,Men's Clothing,23,780
02-11-2020,South,Children's Clothing,35,156
04-02-2020,West,Men's Clothing,6,930
19-08-2020,East,Men's Clothing,6,928
31-03-2020,South,Women's Clothing,27,186
22-08-2020,East,Children's Clothing,27,672
28-07-2020,East,Women's Clothing,8,396
25-11-2020,South,Children's Clothing,8,841
17-01-2020,North,Men's Clothing,NaN,464
12-05-2020,North,Men's Clothing,NaN,372
27-10-2020,West,Women's Clothing,16,319
30-01-2020,North,Children's Clothing,9,350
10-01-2020,South,Men's Clothing,6,651
23-06-2020,North,Women's Clothing,20,390
19-08-2020,East,Women's Clothing,9,255
11-02-2020,West,Children's Clothing,22,468
24-10-2020,North,Children's Clothing,10,300
04-05-2020,North,Men's Clothing,NaN,696
16-12-2020,East,Children's Clothing,4,324
09-01-2020,North,Women's Clothing,3,682
24-04-2020,East,Men's Clothing,28,36
26-09-2020,East,Children's Clothing,3,462
24-06-2020,North,Men's Clothing,NaN,264
17-09-2020,West,Men's Clothing,10,621
27-12-2020,South,Men's Clothing,31,560
25-07-2020,West,Women's Clothing,10,144
16-05-2020,East,Children's Clothing,12,120
02-04-2020,North,Men's Clothing,NaN,729
09-07-2020,West,Men's Clothing,13,432
28-05-2020,West,Women's Clothing,12,128
07-10-2020,East,Women's Clothing,31,104
05-11-2020,West,Women's Clothing,22,165
19-05-2020,North,Children's Clothing,29,560
29-03-2020,East,Women's Clothing,24,336
29-12-2020,East,Women's Clothing,30,225
30-09-2020,East,Children's Clothing,15,156
28-09-2020,East,Women's Clothing,16,540
10-07-2020,South,Men's Clothing,18,207
19-07-2020,South,Children's Clothing,20,352
23-10-2020,West,Children's Clothing,16,120
11-01-2020,West,Women's Clothing,19,532
22-07-2020,North,Women's Clothing,28,76
24-09-2020,East,Men's Clothing,15,54
16-08-2020,East,Children's Clothing,13,532
25-09-2020,South,Children's Clothing,34,99
01-06-2020,North,Women's Clothing,17,450
24-02-2020,North,Men's Clothing,NaN,210
24-06-2020,East,Women's Clothing,4,341
23-07-2020,East,Women's Clothing,17,200
09-08-2020,East,Women's Clothing,12,144
30-08-2020,West,Children's Clothing,21,60
02-10-2020,East,Women's Clothing,24,390
01-05-2020,West,Children's Clothing,32,348
18-02-2020,East,Children's Clothing,34,713
29-12-2020,North,Children's Clothing,24,330
20-06-2020,South,Men's Clothing,20,638
23-05-2020,East,Men's Clothing,33,384
25-06-2020,East,Women's Clothing,4,600
26-02-2020,North,Men's Clothing,NaN,300
25-10-2020,West,Men's Clothing,28,416
23-01-2020,East,Men's Clothing,7,360
20-06-2020,East,Women's Clothing,10,320
25-09-2020,East,Women's Clothing,24,224
01-11-2020,West,Women's Clothing,29,380
12-04-2020,North,Men's Clothing,NaN,364
30-01-2020,North,Men's Clothing,NaN,285
05-12-2020,East,Women's Clothing,35,247
27-01-2020,West,Children's Clothing,34,510
12-06-2020,West,Women's Clothing,19,442
14-12-2020,South,Women's Clothing,25,348
19-05-2020,South,Children's Clothing,13,104
30-04-2020,East,Women's Clothing,7,459
11-12-2020,East,Women's Clothing,33,276
24-02-2020,East,Women's Clothing,32,693
25-10-2020,East,Women's Clothing,26,336
07-12-2020,North,Women's Clothing,24,1056
05-11-2020,East,Children's Clothing,14,578
19-05-2020,South,Men's Clothing,5,720
15-07-2020,West,Children's Clothing,11,220
28-02-2020,South,Women's Clothing,21,627
15-02-2020,North,Women's Clothing,13,120
13-08-2020,East,Men's Clothing,32,132
27-01-2020,North,Children's Clothing,23,420
07-01-2020,North,Women's Clothing,34,147
18-08-2020,South,Women's Clothing,7,200
30-11-2020,West,Women's Clothing,6,360
22-01-2020,North,Women's Clothing,7,783
16-01-2020,East,Children's Clothing,27,476
20-07-2020,West,Women's Clothing,25,442
28-11-2020,West,Women's Clothing,12,770
29-10-2020,North,Women's Clothing,19,408
21-09-2020,West,Men's Clothing,35,437
04-10-2020,East,Men's Clothing,35,350
18-10-2020,East,Women's Clothing,13,338
17-09-2020,East,Women's Clothing,17,161
17-01-2020,North,Children's Clothing,25,825
20-10-2020,East,Men's Clothing,32,928
06-08-2020,South,Women's Clothing,26,546
19-08-2020,East,Women's Clothing,24,384
20-03-2020,East,Men's Clothing,14,238
06-09-2020,North,Women's Clothing,5,90
05-06-2020,East,Children's Clothing,11,220
18-02-2020,South,Children's Clothing,21,462
21-12-2020,North,Children's Clothing,13,169
08-02-2020,West,Men's Clothing,32,928
08-07-2020,North,Women's Clothing,23,276
23-04-2020,South,Women's Clothing,34,680
31-05-2020,North,Women's Clothing,7,231
04-05-2020,East,Men's Clothing,6,108
17-12-2020,North,Children's Clothing,7,217
17-11-2020,West,Men's Clothing,27,486
15-04-2020,South,Women's Clothing,25,750
23-06-2020,North,Women's Clothing,12,192
18-10-2020,East,Women's Clothing,19,399
11-02-2020,East,Children's Clothing,35,735
25-12-2020,North,Men's Clothing,NaN,1155
31-08-2020,South,Men's Clothing,13,208
23-08-2020,South,Women's Clothing,17,493
17-08-2020,North,Women's Clothing,25,300
